NPM1,DNMT3A,GATA2,U2AF1,ASXL1,FLT3,IDH2,NRAS
0.33878654,0.18423268,0.054649465,0.05207818,0.039412912,0.005849996,0.02791075,0.02613744
